{
  "mse": 0.35702006713078877,
  "r2_score": 0.7008957986728765,
  "train_samples": 3591,
  "test_samples": 898
}