{
  "mse": 0.29718805793812464,
  "r2_score": 0.773209690354021,
  "train_samples": 16512,
  "test_samples": 4128
}